anio,mes,smg_nominal,smg_real,smgr_indice
1969,1,0.0242,208.71,280.42
1969,2,0.0242,207.97,279.42
1969,3,0.0242,207.76,279.14
1969,4,0.0242,207.2,278.39
1969,5,0.0242,207.2,278.39
1969,6,0.0242,206.46,277.4
1969,7,0.0242,205.68,276.35
1969,8,0.0242,205.46,276.05
1969,9,0.0242,203.55,273.48
1969,10,0.0242,201.43,270.64
1969,11,0.0242,201.41,270.61
1969,12,0.0242,199.9,268.59
1970,1,0.0279,228.73,307.32
1970,2,0.0279,228.76,307.36
1970,3,0.0279,228.09,306.45
1970,4,0.0279,227.8,306.06
1970,5,0.0279,227.32,305.41
1970,6,0.0279,225.94,303.57
1970,7,0.0279,224.84,302.09
1970,8,0.0279,223.81,300.7
1970,9,0.0279,223.27,299.98
1970,10,0.0279,223.19,299.87
1970,11,0.0279,221.99,298.26
1970,12,0.0279,220.13,295.77
1971,1,0.0279,217.99,292.88
1971,2,0.0279,217.09,291.67
1971,3,0.0279,216.26,290.57
1971,4,0.0279,215.16,289.09
1971,5,0.0279,214.71,288.48
1971,6,0.0279,213.74,287.18
1971,7,0.0279,213.91,287.4
1971,8,0.0279,211.97,284.8
1971,9,0.0279,211.28,283.87
1971,10,0.0279,211.08,283.59
1971,11,0.0279,210.73,283.13
1971,12,0.0279,209.73,281.79
1972,1,0.0332,248.47,333.84
1972,2,0.0332,247.7,332.81
1972,3,0.0332,246.36,331.0
1972,4,0.0332,244.82,328.93
1972,5,0.0332,244.33,328.27
1972,6,0.0332,242.53,325.86
1972,7,0.0332,241.62,324.64
1972,8,0.0332,240.04,322.51
1972,9,0.0332,238.95,321.05
1972,10,0.0332,238.78,320.82
1972,11,0.0332,237.24,318.74
1972,12,0.0332,236.44,317.67
1973,1,0.0332,233.05,313.12
1973,2,0.0332,231.14,310.56
1973,3,0.0332,229.13,307.85
1973,4,0.0332,225.56,303.05
1973,5,0.0332,223.18,299.86
1973,6,0.0332,221.37,297.42
1973,7,0.0332,215.83,289.99
1973,8,0.0332,212.42,285.41
1973,9,0.0392,244.99,329.16
1973,10,0.0392,241.88,324.99
1973,11,0.0392,238.94,321.04
1973,12,0.0392,230.01,309.03
1974,1,0.045,254.92,342.5
1974,2,0.045,249.28,334.93
1974,3,0.045,247.38,332.37
1974,4,0.045,244.06,327.92
1974,5,0.045,242.16,325.36
1974,6,0.045,239.79,322.17
1974,7,0.045,236.37,317.58
1974,8,0.045,233.9,314.27
1974,9,0.045,231.28,310.74
1974,10,0.0552,278.19,373.76
1974,11,0.0552,270.67,363.66
1974,12,0.0552,268.57,360.84
1975,1,0.0552,265.18,356.29
1975,2,0.0552,263.73,354.34
1975,3,0.0552,262.07,352.12
1975,4,0.0552,259.88,349.17
1975,5,0.0552,256.45,344.56
1975,6,0.0552,252.16,338.8
1975,7,0.0552,250.16,336.11
1975,8,0.0552,248.01,333.22
1975,9,0.0552,246.22,330.81
1975,10,0.0552,244.97,329.13
1975,11,0.0552,243.26,326.84
1975,12,0.0552,241.29,324.19
1976,1,0.0673,288.61,387.77
1976,2,0.0673,283.31,380.64
1976,3,0.0673,280.56,376.95
1976,4,0.0673,278.61,374.33
1976,5,0.0673,276.67,371.73
1976,6,0.0673,275.57,370.24
1976,7,0.0673,273.25,367.14
1976,8,0.0673,270.67,363.66
1976,9,0.0673,261.74,351.66
1976,10,0.0827,304.48,409.09
1976,11,0.0827,291.32,391.41
1976,12,0.0827,284.19,381.84
1977,1,0.0912,303.73,408.08
1977,2,0.0912,297.17,399.26
1977,3,0.0912,292.07,392.42
1977,4,0.0912,287.72,386.57
1977,5,0.0912,285.22,383.21
1977,6,0.0912,281.76,378.57
1977,7,0.0912,278.61,374.34
1977,8,0.0912,273.01,366.81
1977,9,0.0912,268.25,360.41
1977,10,0.0912,266.22,357.68
1977,11,0.0912,263.34,353.81
1977,12,0.0912,259.74,348.98
1978,1,0.1035,288.36,387.43
1978,2,0.1035,284.28,381.95
1978,3,0.1035,281.35,378.02
1978,4,0.1035,278.26,373.86
1978,5,0.1035,275.56,370.23
1978,6,0.1035,271.82,365.21
1978,7,0.1035,267.29,359.12
1978,8,0.1035,264.65,355.57
1978,9,0.1035,261.66,351.56
1978,10,0.1035,258.53,347.35
1978,11,0.1035,255.89,343.81
1978,12,0.1035,253.74,340.92
1979,1,0.1198,283.63,381.08
1979,2,0.1198,279.62,375.68
1979,3,0.1198,275.87,370.66
1979,4,0.1198,273.42,367.36
1979,5,0.1198,269.89,362.61
1979,6,0.1198,266.93,358.64
1979,7,0.1198,263.73,354.34
1979,8,0.1198,259.8,349.06
1979,9,0.1198,256.65,344.83
1979,10,0.1198,252.25,338.91
1979,11,0.1198,249.04,334.6
1979,12,0.1198,244.71,328.79
1980,1,0.1407,274.04,368.2
1980,2,0.1407,267.85,359.88
1980,3,0.1407,262.45,352.62
1980,4,0.1407,257.94,346.56
1980,5,0.1407,253.8,341.0
1980,6,0.1407,248.87,334.37
1980,7,0.1407,242.11,325.29
1980,8,0.1407,237.19,318.68
1980,9,0.1407,234.59,315.18
1980,10,0.1407,231.09,310.48
1980,11,0.1407,227.15,305.19
1980,12,0.1407,221.34,297.39
1981,1,0.1831,279.05,374.93
1981,2,0.1831,272.36,365.94
1981,3,0.1831,266.66,358.27
1981,4,0.1831,260.78,350.37
1981,5,0.1831,256.89,345.15
1981,6,0.1831,253.35,340.39
1981,7,0.1831,248.96,334.5
1981,8,0.1831,243.94,327.75
1981,9,0.1831,239.48,321.76
1981,10,0.1831,234.28,314.78
1981,11,0.1831,229.86,308.83
1981,12,0.1831,223.84,300.74
1982,1,0.2448,285.1,383.05
1982,2,0.2448,274.32,368.57
1982,3,0.2448,264.65,355.58
1982,4,0.2448,251.05,337.3
1982,5,0.2448,237.69,319.35
1982,6,0.2448,226.76,304.67
1982,7,0.2448,215.65,289.74
1982,8,0.2448,193.89,260.51
1982,9,0.2448,184.07,247.31
1982,10,0.2448,174.99,235.12
1982,11,0.3183,216.59,291.0
1982,12,0.3183,195.69,262.92
1983,1,0.3981,220.73,296.57
1983,2,0.3981,209.49,281.46
1983,3,0.3981,199.82,268.47
1983,4,0.3981,187.92,252.48
1983,5,0.3981,180.11,241.99
1983,6,0.459,200.08,268.83
1983,7,0.459,190.66,256.16
1983,8,0.459,183.53,246.59
1983,9,0.459,178.05,239.23
1983,10,0.459,172.34,231.54
1983,11,0.459,162.78,218.7
1983,12,0.459,156.1,209.73
1984,1,0.5987,191.44,257.22
1984,2,0.5987,181.85,244.32
1984,3,0.5987,174.39,234.31
1984,4,0.5987,167.16,224.59
1984,5,0.5987,161.8,217.39
1984,6,0.719,187.52,251.95
1984,7,0.719,181.57,243.95
1984,8,0.719,176.55,237.21
1984,9,0.719,171.44,230.35
1984,10,0.719,165.66,222.57
1984,11,0.719,160.16,215.18
1984,12,0.719,153.63,206.42
1985,1,0.9388,186.75,250.91
1985,2,0.9388,179.3,240.9
1985,3,0.9388,172.61,231.91
1985,4,0.9388,167.46,224.99
1985,5,0.9388,163.58,219.78
1985,6,1.1076,188.28,252.97
1985,7,1.1076,181.94,244.45
1985,8,1.1076,174.32,234.21
1985,9,1.1076,167.63,225.22
1985,10,1.1076,161.49,216.98
1985,11,1.1076,154.37,207.41
1985,12,1.1076,144.53,194.19
1986,1,1.4745,176.78,237.52
1986,2,1.4745,169.25,227.41
1986,3,1.4745,161.74,217.3
1986,4,1.4745,153.71,206.52
1986,5,1.4745,145.62,195.65
1986,6,1.8446,171.18,230.0
1986,7,1.8446,163.05,219.06
1986,8,1.8446,151.01,202.89
1986,9,1.8446,142.46,191.41
1986,10,2.2438,163.92,220.24
1986,11,2.2438,153.55,206.3
1986,12,2.2438,142.31,191.2
1987,1,2.7608,161.98,217.63
1987,2,2.7608,151.08,202.99
1987,3,2.7608,141.71,190.4
1987,4,3.3148,156.46,210.22
1987,5,3.3148,145.49,195.48
1987,6,3.3148,135.68,182.29
1987,7,4.0801,154.49,207.57
1987,8,4.0801,142.82,191.88
1987,9,4.0801,133.99,180.02
1987,10,5.102,154.66,207.8
1987,11,5.102,143.29,192.53
1987,12,5.8672,143.58,192.91
1988,1,7.0407,149.22,200.49
1988,2,7.0407,137.73,185.06
1988,3,7.2529,134.97,181.35
1988,4,7.2529,130.94,175.93
1988,5,7.2529,128.46,172.59
1988,6,7.2529,125.89,169.14
1988,7,7.2529,123.82,166.37
1988,8,7.2529,122.69,164.85
1988,9,7.2529,122.0,163.91
1988,10,7.2529,121.07,162.67
1988,11,7.2529,119.47,160.52
1988,12,7.2529,117.03,157.24
1989,1,7.8337,123.38,165.78
1989,2,7.8337,121.73,163.56
1989,3,7.8337,120.43,161.8
1989,4,7.8337,118.65,159.42
1989,5,7.8337,117.04,157.25
1989,6,7.8337,115.64,155.37
1989,7,8.306,121.39,163.1
1989,8,8.306,120.25,161.56
1989,9,8.306,119.11,160.03
1989,10,8.306,117.37,157.7
1989,11,8.306,115.75,155.52
1989,12,9.1389,123.2,165.53
1990,1,9.1389,117.53,157.91
1990,2,9.1389,114.92,154.41
1990,3,9.1389,112.93,151.73
1990,4,9.1389,111.24,149.46
1990,5,9.1389,109.33,146.9
1990,6,9.1389,106.98,143.73
1990,7,9.1389,105.06,141.16
1990,8,9.1389,103.3,138.79
1990,9,9.1389,101.85,136.84
1990,10,9.1389,100.4,134.9
1990,11,10.7866,115.44,155.1
1990,12,10.7866,111.91,150.37
1991,1,10.7866,109.13,146.63
1991,2,10.7866,107.26,144.11
1991,3,10.7866,105.75,142.09
1991,4,10.7866,104.66,140.61
1991,5,10.7866,103.64,139.25
1991,6,10.7866,102.57,137.81
1991,7,10.7866,101.67,136.6
1991,8,10.7866,100.97,135.65
1991,9,10.7866,99.97,134.32
1991,10,10.7866,98.82,132.77
1991,11,12.084,108.02,145.14
1991,12,12.084,105.54,141.8
1992,1,12.084,103.66,139.27
1992,2,12.084,102.44,137.64
1992,3,12.084,101.41,136.25
1992,4,12.084,100.51,135.05
1992,5,12.084,99.86,134.16
1992,6,12.084,99.18,133.26
1992,7,12.084,98.56,132.43
1992,8,12.084,97.96,131.62
1992,9,12.084,97.12,130.48
1992,10,12.084,96.42,129.55
1992,11,12.084,95.63,128.48
1992,12,12.084,94.28,126.68
1993,1,13.06,100.64,135.21
1993,2,13.06,99.82,134.12
1993,3,13.06,99.24,133.34
1993,4,13.06,98.67,132.58
1993,5,13.06,98.11,131.82
1993,6,13.06,97.57,131.09
1993,7,13.06,97.1,130.46
1993,8,13.06,96.58,129.77
1993,9,13.06,95.87,128.81
1993,10,13.06,95.48,128.29
1993,11,13.06,95.06,127.72
1993,12,13.06,94.34,126.76
1994,1,13.97,100.14,134.55
1994,2,13.97,99.63,133.86
1994,3,13.97,99.12,133.17
1994,4,13.97,98.64,132.52
1994,5,13.97,98.16,131.89
1994,6,13.97,97.67,131.23
1994,7,13.97,97.24,130.65
1994,8,13.97,96.79,130.04
1994,9,13.97,96.11,129.13
1994,10,13.97,95.6,128.45
1994,11,13.97,95.1,127.77
1994,12,13.97,94.27,126.66
1995,1,14.95,97.22,130.63
1995,2,14.95,93.27,125.32
1995,3,14.95,88.08,118.34
1995,4,16.74,91.34,122.73
1995,5,16.74,87.68,117.8
1995,6,16.74,84.98,114.18
1995,7,16.74,83.29,111.9
1995,8,16.74,81.93,110.07
1995,9,16.74,80.27,107.84
1995,10,16.74,78.65,105.67
1995,11,16.74,76.76,103.13
1995,12,18.43,81.84,109.95
1996,1,18.43,79.0,106.14
1996,2,18.43,77.2,103.72
1996,3,18.43,75.53,101.48
1996,4,20.66,82.33,110.62
1996,5,20.66,80.86,108.64
1996,6,20.66,79.56,106.9
1996,7,20.66,78.45,105.4
1996,8,20.66,77.42,104.02
1996,9,20.66,76.2,102.38
1996,10,20.66,75.26,101.12
1996,11,20.66,74.14,99.61
1996,12,24.3,84.49,113.52
1997,1,24.3,82.38,110.68
1997,2,24.3,81.01,108.85
1997,3,24.3,80.02,107.51
1997,4,24.3,79.16,106.36
1997,5,24.3,78.45,105.4
1997,6,24.3,77.76,104.47
1997,7,24.3,77.09,103.57
1997,8,24.3,76.41,102.66
1997,9,24.3,75.47,101.39
1997,10,24.3,74.87,100.59
1997,11,24.3,74.04,99.48
1997,12,24.3,73.02,98.1
1998,1,27.99,82.31,110.59
1998,2,27.99,80.9,108.69
1998,3,27.99,79.96,107.43
1998,4,27.99,79.22,106.44
1998,5,27.99,78.59,105.6
1998,6,27.99,77.68,104.36
1998,7,27.99,76.93,103.37
1998,8,27.99,76.2,102.38
1998,9,27.99,74.99,100.75
1998,10,27.99,73.93,99.32
1998,11,27.99,72.64,97.6
1998,12,31.91,80.84,108.61
1999,1,31.91,78.85,105.94
1999,2,31.91,77.8,104.53
1999,3,31.91,77.09,103.57
1999,4,31.91,76.39,102.63
1999,5,31.91,75.93,102.02
1999,6,31.91,75.43,101.35
1999,7,31.91,74.94,100.69
1999,8,31.91,74.52,100.12
1999,9,31.91,73.81,99.16
1999,10,31.91,73.34,98.54
1999,11,31.91,72.69,97.67
1999,12,31.91,71.97,96.7
2000,1,35.12,78.16,105.02
2000,2,35.12,77.48,104.1
2000,3,35.12,77.05,103.52
2000,4,35.12,76.61,102.94
2000,5,35.12,76.33,102.55
2000,6,35.12,75.88,101.95
2000,7,35.12,75.58,101.55
2000,8,35.12,75.17,101.0
2000,9,35.12,74.63,100.27
2000,10,35.12,74.12,99.58
2000,11,35.12,73.49,98.74
2000,12,35.12,72.7,97.68
2001,1,37.57,77.34,90.18
2001,2,37.57,77.39,90.24
2001,3,37.57,76.91,89.67
2001,4,37.57,76.52,89.22
2001,5,37.57,76.35,89.01
2001,6,37.57,76.17,88.8
2001,7,37.57,76.36,89.03
2001,8,37.57,75.91,88.51
2001,9,37.57,75.21,87.69
2001,10,37.57,74.88,87.3
2001,11,37.57,74.6,86.97
2001,12,37.57,74.49,86.85
2002,1,39.74,78.07,91.03
2002,2,39.74,78.12,91.09
2002,3,39.74,77.73,90.62
2002,4,39.74,77.3,90.13
2002,5,39.74,77.15,89.95
2002,6,39.74,76.77,89.51
2002,7,39.74,76.55,89.26
2002,8,39.74,76.26,88.92
2002,9,39.74,75.81,88.39
2002,10,39.74,75.48,88.0
2002,11,39.74,74.87,87.29
2002,12,39.74,74.55,86.91
2003,1,41.53,77.59,90.46
2003,2,41.53,77.37,90.21
2003,3,41.53,76.89,89.65
2003,4,41.53,76.76,89.49
2003,5,41.53,77.01,89.78
2003,6,41.53,76.94,89.71
2003,7,41.53,76.83,89.58
2003,8,41.53,76.6,89.31
2003,9,41.53,76.15,88.78
2003,10,41.53,75.87,88.46
2003,11,41.53,75.25,87.73
2003,12,41.53,74.92,87.35
2004,1,43.29,77.62,90.49
2004,2,43.29,77.15,89.96
2004,3,43.29,76.89,89.65
2004,4,43.29,76.78,89.52
2004,5,43.29,76.97,89.74
2004,6,43.29,76.85,89.6
2004,7,43.29,76.65,89.36
2004,8,43.29,76.18,88.82
2004,9,43.29,75.55,88.09
2004,10,43.29,75.03,87.48
2004,11,43.29,74.4,86.74
2004,12,43.29,74.24,86.56
2005,1,45.24,77.59,90.46
2005,2,45.24,77.33,90.16
2005,3,45.24,76.98,89.75
2005,4,45.24,76.71,89.44
2005,5,45.24,76.9,89.66
2005,6,45.24,76.98,89.75
2005,7,45.24,76.68,89.4
2005,8,45.24,76.58,89.29
2005,9,45.24,76.28,88.93
2005,10,45.24,76.09,88.72
2005,11,45.24,75.55,88.08
2005,12,45.24,75.09,87.54
2006,1,47.05,77.64,90.52
2006,2,47.05,77.52,90.38
2006,3,47.05,77.42,90.26
2006,4,47.05,77.31,90.13
2006,5,47.05,77.65,90.54
2006,6,47.05,77.59,90.46
2006,7,47.05,77.37,90.21
2006,8,47.05,76.98,89.75
2006,9,47.05,76.21,88.86
2006,10,47.05,75.88,88.47
2006,11,47.05,75.48,88.01
2006,12,47.05,75.05,87.5
2007,1,48.88,77.57,90.44
2007,2,48.88,77.35,90.18
2007,3,48.88,77.18,89.99
2007,4,48.88,77.23,90.04
2007,5,48.88,77.61,90.49
2007,6,48.88,77.52,90.38
2007,7,48.88,77.19,89.99
2007,8,48.88,76.87,89.63
2007,9,48.88,76.28,88.94
2007,10,48.88,75.99,88.59
2007,11,48.88,75.45,87.97
2007,12,48.88,75.14,87.61
2008,1,50.84,77.8,90.7
2008,2,50.84,77.57,90.43
2008,3,50.84,77.01,89.78
2008,4,50.84,76.83,89.58
2008,5,50.84,76.92,89.68
2008,6,50.84,76.6,89.31
2008,7,50.84,76.17,88.81
2008,8,50.84,75.74,88.3
2008,9,50.84,75.22,87.7
2008,10,50.84,74.71,87.11
2008,11,50.84,73.88,86.13
2008,12,50.84,73.37,85.54
2009,1,53.19,76.58,89.29
2009,2,53.19,76.41,89.09
2009,3,53.19,75.97,88.58
2009,4,53.19,75.71,88.27
2009,5,53.19,75.93,88.53
2009,6,53.19,75.79,88.37
2009,7,53.19,75.59,88.13
2009,8,53.19,75.41,87.92
2009,9,53.19,75.03,87.48
2009,10,53.19,74.8,87.21
2009,11,53.19,74.42,86.76
2009,12,53.19,74.11,86.41
2010,1,55.77,76.87,89.62
2010,2,55.77,76.43,89.11
2010,3,55.77,75.89,88.48
2010,4,55.77,76.13,88.76
2010,5,55.77,76.61,89.32
2010,6,55.77,76.64,89.35
2010,7,55.77,76.47,89.16
2010,8,55.77,76.26,88.91
2010,9,55.77,75.86,88.45
2010,10,55.77,75.4,87.91
2010,11,55.77,74.8,87.21
2010,12,55.77,74.43,86.78
2011,1,58.06,77.11,89.9
2011,2,58.06,76.82,89.57
2011,3,58.06,76.67,89.39
2011,4,58.06,76.68,89.4
2011,5,58.06,77.25,90.07
2011,6,58.06,77.25,90.07
2011,7,58.06,76.88,89.64
2011,8,58.06,76.76,89.5
2011,9,58.06,76.57,89.28
2011,10,58.06,76.06,88.68
2011,11,58.06,75.25,87.73
2011,12,58.06,74.63,87.02
2012,1,60.5,77.22,90.04
2012,2,60.5,77.07,89.85
2012,3,60.5,77.02,89.8
2012,4,60.5,77.27,90.09
2012,5,60.5,77.51,90.37
2012,6,60.5,77.15,89.96
2012,7,60.5,76.72,89.45
2012,8,60.5,76.49,89.19
2012,9,60.5,76.16,88.79
2012,10,60.5,75.78,88.35
2012,11,60.5,75.26,87.75
2012,12,60.75,75.4,87.91
2013,1,63.12,78.03,90.98
2013,2,63.12,77.65,90.53
2013,3,63.12,77.08,89.87
2013,4,63.12,77.03,89.81
2013,5,63.12,77.29,90.11
2013,6,63.12,77.33,90.17
2013,7,63.12,77.36,90.2
2013,8,63.12,77.14,89.94
2013,9,63.12,76.85,89.6
2013,10,63.12,76.49,89.18
2013,11,63.12,75.78,88.35
2013,12,63.12,75.35,87.85
2014,1,65.68,77.71,90.6
2014,2,65.68,77.51,90.37
2014,3,65.68,77.3,90.13
2014,4,65.68,77.45,90.3
2014,5,65.68,77.7,90.59
2014,6,65.68,77.56,90.43
2014,7,65.68,77.35,90.18
2014,8,65.68,77.07,89.86
2014,9,65.68,76.73,89.46
2014,10,65.68,76.31,88.97
2014,11,65.68,75.7,88.26
2014,12,65.68,75.33,87.83
2015,1,68.33,78.44,91.46
2015,2,68.33,78.29,91.28
2015,3,68.33,77.97,90.91
2015,4,69.01,78.96,92.05
2015,5,69.01,79.35,92.52
2015,6,69.01,79.22,92.36
2015,7,69.01,79.1,92.23
2015,8,69.01,78.94,92.03
2015,9,69.01,78.64,91.69
2015,10,69.01,78.24,91.22
2015,11,69.01,77.81,90.72
2015,12,69.01,77.5,90.36
2016,1,73.04,81.71,95.27
2016,2,73.04,81.36,94.85
2016,3,73.04,81.24,94.71
2016,4,73.04,81.49,95.02
2016,5,73.04,81.86,95.44
2016,6,73.04,81.77,95.34
2016,7,73.04,81.56,95.09
2016,8,73.04,81.33,94.82
2016,9,73.04,80.83,94.25
2016,10,73.04,80.35,93.68
2016,11,73.04,79.72,92.95
2016,12,73.04,79.36,92.52
2017,1,80.04,85.51,99.7
2017,2,80.04,85.02,99.12
2017,3,80.04,84.5,98.52
2017,4,80.04,84.4,98.4
2017,5,80.04,84.5,98.52
2017,6,80.04,84.28,98.27
2017,7,80.04,83.97,97.9
2017,8,80.04,83.55,97.42
2017,9,80.04,83.29,97.11
2017,10,80.04,82.77,96.51
2017,11,80.04,81.93,95.52
2017,12,88.36,89.91,104.83
2018,1,88.36,89.44,104.28
2018,2,88.36,89.1,103.88
2018,3,88.36,88.81,103.55
2018,4,88.36,89.11,103.9
2018,5,88.36,89.26,104.07
2018,6,88.36,88.91,103.67
2018,7,88.36,88.44,103.11
2018,8,88.36,87.93,102.52
2018,9,88.36,87.56,102.08
2018,10,88.36,87.11,101.56
2018,11,88.36,86.37,100.7
2018,12,88.36,85.77,100.0
2019,1,108.63,105.36,122.84
2019,2,108.63,105.39,122.87
2019,3,108.63,104.98,122.4
2019,4,108.63,104.93,122.33
2019,5,108.63,105.23,122.69
2019,6,108.63,105.16,122.61
2019,7,108.63,104.77,122.15
2019,8,108.63,104.78,122.17
2019,9,108.63,104.51,121.85
2019,10,108.63,103.95,121.2
2019,11,108.63,103.12,120.23
2019,12,108.63,102.54,119.56
2020,1,128.41,120.63,140.65
2020,2,128.41,120.13,140.07
2020,3,128.41,120.19,140.13
2020,4,128.41,121.42,141.57
2020,5,128.41,120.96,141.02
2020,6,128.41,120.3,140.26
2020,7,128.41,119.51,139.34
2020,8,128.41,119.04,138.8
2020,9,128.41,118.77,138.48
2020,10,128.41,118.05,137.64
2020,11,128.41,117.96,137.53
2020,12,128.41,117.52,137.01
2021,1,147.76,134.07,156.32
2021,2,147.76,133.23,155.33
2021,3,147.76,132.14,154.06
2021,4,147.76,131.71,153.56
2021,5,147.76,131.44,153.24
2021,6,147.76,130.74,152.43
2021,7,147.76,129.98,151.54
2021,8,147.76,129.73,151.25
2021,9,147.76,128.93,150.33
2021,10,147.76,127.86,149.08
2021,11,147.76,126.42,147.39
2021,12,147.76,125.96,146.86
2022,1,179.87,152.43,177.72
2022,2,179.87,151.18,176.26
2022,3,179.87,149.69,174.53
2022,4,179.87,148.89,173.59
2022,5,179.87,148.63,173.28
2022,6,179.87,147.38,171.83
2022,7,179.87,146.3,170.57
2022,8,179.87,145.29,169.39
2022,9,179.87,144.39,168.35
2022,10,179.87,143.58,167.4
2022,11,179.87,142.76,166.44
2022,12,179.87,142.21,165.81
2023,1,215.9,169.55,197.68
2023,2,215.9,168.61,196.59
2023,3,215.9,168.16,196.06
2023,4,215.9,168.19,196.1
2023,5,215.9,168.56,196.53
2023,6,215.9,168.39,196.33
2023,7,215.9,167.58,195.39
2023,8,215.9,166.66,194.31
2023,9,215.9,165.92,193.45
2023,10,215.9,165.3,192.73
2023,11,215.9,164.25,191.5
2023,12,215.9,163.1,190.16
2024,1,258.8,193.78,225.93
2024,2,258.8,193.59,225.71
2024,3,258.8,193.04,225.07
2024,4,258.8,192.65,224.61
2024,5,258.8,193.01,225.03
2024,6,258.8,192.28,224.18
2024,7,258.8,190.29,221.86
2024,8,258.8,190.28,221.84
2024,9,258.8,190.18,221.74
2024,10,258.8,189.14,220.52
2024,11,258.8,188.32,219.57
2024,12,258.8,187.6,218.73
2025,1,289.75,209.44,244.19
2025,2,289.75,208.86,243.52
2025,3,289.75,208.21,242.76
2025,4,289.75,207.53,241.96
2025,5,289.75,206.95,241.28
2025,6,289.75,206.37,240.61
2025,7,289.75,205.82,239.97
2025,8,289.75,205.69,239.82
2025,9,289.75,205.21,239.26
2025,10,289.75,204.47,238.39
2025,11,289.75,203.13,236.83
2025,12,289.75,202.56,236.17
2026,1,324.75,226.17,263.69
